ProbName,Algorithm,Delta, Solution , Bound ,Termninated, Time ,Iter
prob_N5_T5_1.csv,Alg1,0.001, 2 257 950    , 2 257 950    ,1, 0.10    ,2
prob_N5_T5_2.csv,Alg1,0.001, 6 179 900    , 6 179 900    ,1, 0.16    ,5
prob_N5_T5_3.csv,Alg1,0.001, 852 302    , 852 302    ,1, 0.09    ,3
prob_N5_T5_4.csv,Alg1,0.001, 3 810 050    , 3 809 790    ,1, 17.20    ,26
prob_N5_T5_5.csv,Alg1,0.001, 2 654 210    , 2 659 800    ,1, 0.35    ,8
prob_N5_T10_1.csv,Alg1,0.001, 2 205 680    , 2 205 680    ,1, 0.03    ,1
prob_N5_T10_2.csv,Alg1,0.001, 10 339 100    , 10 343 800    ,0, 600.00    ,52
prob_N5_T10_3.csv,Alg1,0.001, 7 691 190    , 7 691 190    ,1, 0.64    ,5
prob_N5_T10_4.csv,Alg1,0.001, 6 706 130    , 6 713 410    ,1, 1.34    ,7
prob_N5_T10_5.csv,Alg1,0.001,-441 806    ,-441 051    ,1, 0.32    ,3
prob_N5_T15_1.csv,Alg1,0.001, 10 886 700    , 10 887 700    ,1, 472.48    ,44
prob_N5_T15_2.csv,Alg1,0.001, 7 500 950    , 7 501 050    ,1, 0.78    ,6
prob_N5_T15_3.csv,Alg1,0.001, 12 778 500    , 12 781 200    ,1, 0.25    ,3
prob_N5_T15_4.csv,Alg1,0.001, 6 010 290    , 6 024 140    ,0, 600.00    ,49
prob_N5_T15_5.csv,Alg1,0.001,-223 585    ,-223 287    ,1, 0.36    ,4
prob_N10_T5_1.csv,Alg1,0.001, 6 059 750    , 6 059 750    ,1, 0.13    ,2
prob_N10_T5_2.csv,Alg1,0.001, 6 675 940    , 6 676 230    ,1, 3.16    ,11
prob_N10_T5_3.csv,Alg1,0.001, 6 012 280    , 6 013 000    ,1, 0.10    ,2
prob_N10_T5_4.csv,Alg1,0.001, 3 325 700    , 3 328 860    ,1, 0.47    ,4
prob_N10_T5_5.csv,Alg1,0.001, 6 996 650    , 6 998 340    ,1, 214.61    ,31
prob_N10_T10_1.csv,Alg1,0.001, 6 409 410    , 6 502 700    ,0, 600.00    ,34
prob_N10_T10_2.csv,Alg1,0.001, 16 318 000    , 16 391 700    ,0, 600.00    ,43
prob_N10_T10_3.csv,Alg1,0.001,-651 611    ,-650 741    ,1, 17.82    ,20
prob_N10_T10_4.csv,Alg1,0.001, 11 130 300    , 11 241 200    ,0, 600.00    ,39
prob_N10_T10_5.csv,Alg1,0.001, 14 799 100    , 14 799 100    ,1, 8.10    ,6
prob_N10_T15_1.csv,Alg1,0.001, 9 851 200    , 9 854 040    ,1, 28.65    ,7
prob_N10_T15_2.csv,Alg1,0.001, 15 590 600    , 15 656 800    ,0, 600.00    ,46
prob_N10_T15_3.csv,Alg1,0.001, 11 627 400    , 11 635 200    ,0, 600.00    ,25
prob_N10_T15_4.csv,Alg1,0.001, 20 081 200    , 20 371 100    ,0, 600.00    ,10
prob_N10_T15_5.csv,Alg1,0.001, 9 066 680    , 9 067 390    ,1, 30.30    ,9
prob_N15_T5_1.csv,Alg1,0.001, 4 644 210    , 4 646 050    ,1, 32.11    ,15
prob_N15_T5_2.csv,Alg1,0.001, 12 342 700    , 12 444 000    ,0, 600.00    ,17
prob_N15_T5_3.csv,Alg1,0.001, 5 910 090    , 5 922 790    ,1, 0.31    ,3
prob_N15_T5_4.csv,Alg1,0.001, 16 976 200    , 17 036 100    ,0, 600.00    ,21
prob_N15_T5_5.csv,Alg1,0.001, 10 204 700    , 10 204 700    ,1, 0.11    ,1
prob_N15_T10_1.csv,Alg1,0.001, 19 731 300    , 19 787 200    ,0, 600.00    ,38
prob_N15_T10_2.csv,Alg1,0.001, 21 065 000    , 21 069 100    ,1, 103.50    ,16
prob_N15_T10_3.csv,Alg1,0.001, 29 115 000    , 29 115 000    ,1, 1.91    ,6
prob_N15_T10_4.csv,Alg1,0.001, 12 534 100    , 12 535 500    ,1, 2.65    ,6
prob_N15_T10_5.csv,Alg1,0.001, 10 002 500    , 10 096 500    ,1, 9.29    ,6
prob_N15_T15_1.csv,Alg1,0.001, 33 441 400    , 33 555 100    ,0, 600.00    ,18
prob_N15_T15_2.csv,Alg1,0.001, 29 384 000    , 29 482 200    ,0, 600.00    ,21
prob_N15_T15_3.csv,Alg1,0.001, 40 911 700    , 41 362 259    ,0, 600.00    ,6
prob_N15_T15_4.csv,Alg1,0.001, 40 231 500    , 40 904 600    ,0, 600.00    ,10
prob_N15_T15_5.csv,Alg1,0.001, 30 503 600    , 31 665 800    ,0, 600.00    ,9
probIF_N5_T5_1.csv,Alg1,0.001, 2 257 950    , 2 257 950    ,1, 0.07    ,2
probIF_N5_T5_2.csv,Alg1,0.001, 1 825 760    , 1 826 830    ,1, 0.07    ,2
probIF_N5_T5_3.csv,Alg1,0.001, 2 247 110    , 2 248 160    ,1, 0.34    ,6
probIF_N5_T5_4.csv,Alg1,0.001, 2 488 640    , 2 488 980    ,1, 10.63    ,13
probIF_N5_T5_5.csv,Alg1,0.001, 3 562 500    , 3 562 500    ,1, 0.18    ,3
probIF_N5_T10_1.csv,Alg1,0.001, 6 831 600    , 6 831 670    ,1, 0.12    ,2
probIF_N5_T10_2.csv,Alg1,0.001, 8 952 250    , 8 959 310    ,1, 332.68    ,33
probIF_N5_T10_3.csv,Alg1,0.001, 3 327 080    , 3 327 220    ,1, 0.54    ,4
probIF_N5_T10_4.csv,Alg1,0.001, 2 528 700    , 2 529 050    ,1, 0.38    ,3
probIF_N5_T10_5.csv,Alg1,0.001, 7 602 200    , 7 602 390    ,1, 0.55    ,5
probIF_N5_T15_1.csv,Alg1,0.001, 7 028 560    , 7 029 270    ,1, 0.21    ,2
probIF_N5_T15_2.csv,Alg1,0.001, 8 962 950    , 8 963 820    ,1, 15.49    ,11
probIF_N5_T15_3.csv,Alg1,0.001, 11 622 100    , 11 622 800    ,1, 0.11    ,1
probIF_N5_T15_4.csv,Alg1,0.001, 8 153 570    , 8 355 270    ,0, 600.00    ,29
probIF_N5_T15_5.csv,Alg1,0.001, 9 347 320    , 9 358 590    ,1, 517.18    ,25
probIF_N10_T5_1.csv,Alg1,0.001, 3 050 930    , 3 056 640    ,1, 0.04    ,1
probIF_N10_T5_2.csv,Alg1,0.001, 8 430 000    , 8 431 720    ,1, 11.75    ,14
probIF_N10_T5_3.csv,Alg1,0.001, 4 748 700    , 4 748 700    ,1, 0.05    ,1
probIF_N10_T5_4.csv,Alg1,0.001, 4 408 390    , 4 409 240    ,1, 2.53    ,7
probIF_N10_T5_5.csv,Alg1,0.001, 144 308    , 144 308    ,1, 0.05    ,1
probIF_N10_T10_1.csv,Alg1,0.001, 2 247 950    , 2 253 660    ,1, 40.29    ,14
probIF_N10_T10_2.csv,Alg1,0.001, 11 546 300    , 11 782 600    ,0, 600.00    ,38
probIF_N10_T10_3.csv,Alg1,0.001,-572 945    ,-572 944    ,1, 0.47    ,5
probIF_N10_T10_4.csv,Alg1,0.001, 19 819 500    , 19 949 500    ,0, 600.00    ,15
probIF_N10_T10_5.csv,Alg1,0.001, 16 526 400    , 16 692 700    ,0, 600.00    ,28
probIF_N10_T15_1.csv,Alg1,0.001, 5 369 080    , 5 391 520    ,0, 600.00    ,27
probIF_N10_T15_2.csv,Alg1,0.001, 6 503 350    , 6 654 680    ,0, 600.00    ,15
probIF_N10_T15_3.csv,Alg1,0.001, 16 927 200    , 16 932 900    ,1, 1.54    ,4
probIF_N10_T15_4.csv,Alg1,0.001, 20 709 100    , 20 760 600    ,0, 600.00    ,19
probIF_N10_T15_5.csv,Alg1,0.001, 9 700 070    , 9 864 720    ,0, 600.00    ,18
probIF_N15_T5_1.csv,Alg1,0.001, 8 410 680    , 8 410 680    ,1, 1.18    ,9
probIF_N15_T5_2.csv,Alg1,0.001, 11 938 700    , 11 939 000    ,1, 5.90    ,21
probIF_N15_T5_3.csv,Alg1,0.001, 11 104 100    , 11 105 000    ,1, 5.26    ,7
probIF_N15_T5_4.csv,Alg1,0.001, 12 008 000    , 12 008 000    ,1, 0.38    ,3
probIF_N15_T5_5.csv,Alg1,0.001, 10 036 400    , 10 042 000    ,1, 2.04    ,6
probIF_N15_T10_1.csv,Alg1,0.001, 8 237 280    , 8 516 610    ,0, 600.00    ,21
probIF_N15_T10_2.csv,Alg1,0.001, 38 302 300    , 38 461 800    ,0, 600.00    ,14
probIF_N15_T10_3.csv,Alg1,0.001, 12 852 400    , 12 939 200    ,0, 600.00    ,21
probIF_N15_T10_4.csv,Alg1,0.001, 10 565 300    , 10 661 800    ,0, 600.00    ,24
probIF_N15_T10_5.csv,Alg1,0.001, 12 095 200    , 12 258 100    ,0, 600.00    ,29
probIF_N15_T15_1.csv,Alg1,0.001, 38 369 500    , 38 613 400    ,0, 600.00    ,11
probIF_N15_T15_2.csv,Alg1,0.001, 23 090 600    , 23 166 300    ,1, 137.39    ,9
probIF_N15_T15_3.csv,Alg1,0.001, 41 883 800    , 42 056 700    ,0, 600.00    ,12
probIF_N15_T15_4.csv,Alg1,0.001, 13 036 400    , 13 598 361    ,0, 600.00    ,6
probIF_N15_T15_5.csv,Alg1,0.001, 38 029 100    , 38 231 500    ,0, 600.00    ,13
prob_N5_T5_1.csv,Alg1,0.005, 2 257 950    , 2 257 950    ,1, 0.07    ,2
prob_N5_T5_2.csv,Alg1,0.005, 6 179 900    , 6 187 900    ,1, 0.15    ,5
prob_N5_T5_3.csv,Alg1,0.005, 852 302    , 852 302    ,1, 0.10    ,3
prob_N5_T5_4.csv,Alg1,0.005, 3 809 920    , 3 810 100    ,1, 14.63    ,26
prob_N5_T5_5.csv,Alg1,0.005, 2 654 000    , 2 675 660    ,1, 0.56    ,7
prob_N5_T10_1.csv,Alg1,0.005, 2 205 680    , 2 205 680    ,1, 0.04    ,1
prob_N5_T10_2.csv,Alg1,0.005, 10 333 100    , 10 345 800    ,1, 126.77    ,32
prob_N5_T10_3.csv,Alg1,0.005, 7 691 190    , 7 691 190    ,1, 3.26    ,8
prob_N5_T10_4.csv,Alg1,0.005, 6 677 030    , 6 713 410    ,1, 2.02    ,7
prob_N5_T10_5.csv,Alg1,0.005,-444 826    ,-441 051    ,1, 0.29    ,3
prob_N5_T15_1.csv,Alg1,0.005, 10 882 400    , 10 888 100    ,1, 417.43    ,36
prob_N5_T15_2.csv,Alg1,0.005, 7 500 960    , 7 501 050    ,1, 0.69    ,6
prob_N5_T15_3.csv,Alg1,0.005, 12 767 700    , 12 781 200    ,1, 0.25    ,3
prob_N5_T15_4.csv,Alg1,0.005, 6 006 940    , 6 023 130    ,0, 600.00    ,48
prob_N5_T15_5.csv,Alg1,0.005,-224 777    ,-223 287    ,1, 0.41    ,4
prob_N10_T5_1.csv,Alg1,0.005, 6 059 750    , 6 059 750    ,1, 0.12    ,2
prob_N10_T5_2.csv,Alg1,0.005, 6 674 750    , 6 676 230    ,1, 2.83    ,11
prob_N10_T5_3.csv,Alg1,0.005, 6 009 410    , 6 013 000    ,1, 0.19    ,3
prob_N10_T5_4.csv,Alg1,0.005, 3 324 890    , 3 333 810    ,1, 0.46    ,4
prob_N10_T5_5.csv,Alg1,0.005, 6 994 370    , 7 002 550    ,0, 600.00    ,42
prob_N10_T10_1.csv,Alg1,0.005, 6 402 510    , 6 497 420    ,0, 600.00    ,33
prob_N10_T10_2.csv,Alg1,0.005, 16 308 100    , 16 418 600    ,0, 600.00    ,42
prob_N10_T10_3.csv,Alg1,0.005,-655 092    ,-650 741    ,1, 123.83    ,40
prob_N10_T10_4.csv,Alg1,0.005, 11 123 300    , 11 299 100    ,0, 600.00    ,39
prob_N10_T10_5.csv,Alg1,0.005, 14 799 100    , 14 805 100    ,1, 4.97    ,6
prob_N10_T15_1.csv,Alg1,0.005, 9 839 870    , 9 854 040    ,1, 31.60    ,7
prob_N10_T15_2.csv,Alg1,0.005, 15 580 000    , 15 658 700    ,0, 600.00    ,43
prob_N10_T15_3.csv,Alg1,0.005, 11 618 400    , 11 653 800    ,0, 600.00    ,23
prob_N10_T15_4.csv,Alg1,0.005, 20 060 800    , 20 371 900    ,0, 600.00    ,10
prob_N10_T15_5.csv,Alg1,0.005, 9 067 040    , 9 067 140    ,1, 61.08    ,11
prob_N15_T5_1.csv,Alg1,0.005, 4 642 980    , 4 647 700    ,1, 7.13    ,10
prob_N15_T5_2.csv,Alg1,0.005, 12 338 100    , 12 397 400    ,0, 600.00    ,18
prob_N15_T5_3.csv,Alg1,0.005, 5 906 540    , 6 030 640    ,1, 0.31    ,2
prob_N15_T5_4.csv,Alg1,0.005, 16 980 000    , 17 038 900    ,0, 600.00    ,20
prob_N15_T5_5.csv,Alg1,0.005, 10 204 700    , 10 204 700    ,1, 0.08    ,1
prob_N15_T10_1.csv,Alg1,0.005, 19 728 100    , 19 783 600    ,0, 600.00    ,37
prob_N15_T10_2.csv,Alg1,0.005, 21 048 700    , 21 069 100    ,1, 103.66    ,15
prob_N15_T10_3.csv,Alg1,0.005, 29 115 000    , 29 116 700    ,1, 1.34    ,6
prob_N15_T10_4.csv,Alg1,0.005, 12 528 600    , 12 535 500    ,1, 3.98    ,8
prob_N15_T10_5.csv,Alg1,0.005, 9 988 590    , 10 098 700    ,1, 47.02    ,11
prob_N15_T15_1.csv,Alg1,0.005, 33 411 900    , 33 564 800    ,0, 600.00    ,18
prob_N15_T15_2.csv,Alg1,0.005, 29 377 000    , 29 481 800    ,0, 600.00    ,20
prob_N15_T15_3.csv,Alg1,0.005, 40 899 100    , 41 374 500    ,0, 600.00    ,6
prob_N15_T15_4.csv,Alg1,0.005, 40 231 500    , 41 123 200    ,0, 600.00    ,10
prob_N15_T15_5.csv,Alg1,0.005, 30 464 500    , 31 586 600    ,0, 600.00    ,8
probIF_N5_T5_1.csv,Alg1,0.005, 2 257 950    , 2 257 950    ,1, 0.08    ,2
probIF_N5_T5_2.csv,Alg1,0.005, 1 821 490    , 1 826 830    ,1, 0.06    ,2
probIF_N5_T5_3.csv,Alg1,0.005, 2 242 900    , 2 248 160    ,1, 0.43    ,6
probIF_N5_T5_4.csv,Alg1,0.005, 2 487 060    , 2 488 980    ,1, 11.46    ,13
probIF_N5_T5_5.csv,Alg1,0.005, 3 562 500    , 3 562 500    ,1, 0.20    ,3
probIF_N5_T10_1.csv,Alg1,0.005, 6 831 310    , 6 831 670    ,1, 0.12    ,2
probIF_N5_T10_2.csv,Alg1,0.005, 8 939 720    , 9 001 270    ,1, 63.08    ,20
probIF_N5_T10_3.csv,Alg1,0.005, 3 326 500    , 3 327 220    ,1, 0.61    ,4
probIF_N5_T10_4.csv,Alg1,0.005, 2 527 290    , 2 529 050    ,1, 0.43    ,3
probIF_N5_T10_5.csv,Alg1,0.005, 7 600 890    , 7 602 750    ,1, 0.43    ,4
probIF_N5_T15_1.csv,Alg1,0.005, 7 015 640    , 7 029 270    ,1, 0.44    ,3
probIF_N5_T15_2.csv,Alg1,0.005, 8 959 470    , 8 963 820    ,1, 14.18    ,9
probIF_N5_T15_3.csv,Alg1,0.005, 11 618 800    , 11 622 800    ,1, 0.12    ,1
probIF_N5_T15_4.csv,Alg1,0.005, 8 314 580    , 8 331 420    ,1, 81.74    ,11
probIF_N5_T15_5.csv,Alg1,0.005, 9 328 640    , 9 372 430    ,0, 600.00    ,28
probIF_N10_T5_1.csv,Alg1,0.005, 2 966 870    , 3 056 640    ,1, 0.08    ,2
probIF_N10_T5_2.csv,Alg1,0.005, 8 423 120    , 8 431 720    ,1, 76.24    ,26
probIF_N10_T5_3.csv,Alg1,0.005, 4 748 700    , 4 748 700    ,1, 0.04    ,1
probIF_N10_T5_4.csv,Alg1,0.005, 4 404 970    , 4 415 320    ,1, 0.83    ,6
probIF_N10_T5_5.csv,Alg1,0.005, 144 308    , 144 308    ,1, 0.04    ,1
probIF_N10_T10_1.csv,Alg1,0.005, 2 239 530    , 2 254 830    ,1, 18.80    ,10
probIF_N10_T10_2.csv,Alg1,0.005, 11 523 800    , 11 706 900    ,0, 600.00    ,35
probIF_N10_T10_3.csv,Alg1,0.005,-572 945    ,-572 944    ,1, 0.38    ,5
probIF_N10_T10_4.csv,Alg1,0.005, 19 818 300    , 19 961 500    ,0, 600.00    ,16
probIF_N10_T10_5.csv,Alg1,0.005, 16 477 700    , 16 618 300    ,0, 600.00    ,15
probIF_N10_T15_1.csv,Alg1,0.005, 5 360 570    , 5 391 520    ,0, 600.00    ,21
probIF_N10_T15_2.csv,Alg1,0.005, 6 527 080    , 6 717 590    ,1, 110.61    ,6
probIF_N10_T15_3.csv,Alg1,0.005, 16 917 700    , 16 940 200    ,1, 17.88    ,7
probIF_N10_T15_4.csv,Alg1,0.005, 20 700 900    , 20 775 800    ,0, 600.00    ,18
probIF_N10_T15_5.csv,Alg1,0.005, 9 695 480    , 9 854 860    ,0, 600.00    ,15
probIF_N15_T5_1.csv,Alg1,0.005, 8 410 680    , 8 410 680    ,1, 0.88    ,5
probIF_N15_T5_2.csv,Alg1,0.005, 11 938 800    , 11 939 000    ,1, 17.14    ,24
probIF_N15_T5_3.csv,Alg1,0.005, 11 072 900    , 11 105 000    ,1, 33.34    ,12
probIF_N15_T5_4.csv,Alg1,0.005, 12 008 000    , 12 014 100    ,1, 0.33    ,2
probIF_N15_T5_5.csv,Alg1,0.005, 10 013 900    , 10 042 000    ,1, 3.93    ,6
probIF_N15_T10_1.csv,Alg1,0.005, 8 221 450    , 8 510 230    ,0, 600.00    ,18
probIF_N15_T10_2.csv,Alg1,0.005, 38 252 100    , 38 453 000    ,0, 600.00    ,14
probIF_N15_T10_3.csv,Alg1,0.005, 12 852 400    , 12 949 200    ,0, 600.00    ,19
probIF_N15_T10_4.csv,Alg1,0.005, 10 513 100    , 10 689 700    ,0, 600.00    ,22
probIF_N15_T10_5.csv,Alg1,0.005, 12 051 300    , 12 276 200    ,0, 600.00    ,25
probIF_N15_T15_1.csv,Alg1,0.005, 38 249 200    , 38 656 200    ,0, 600.00    ,10
probIF_N15_T15_2.csv,Alg1,0.005, 23 074 300    , 23 179 500    ,0, 600.00    ,15
probIF_N15_T15_3.csv,Alg1,0.005, 41 885 000    , 42 035 000    ,0, 600.00    ,13
probIF_N15_T15_4.csv,Alg1,0.005, 13 033 700    , 13 618 400    ,0, 600.00    ,8
probIF_N15_T15_5.csv,Alg1,0.005, 38 004 800    , 38 243 000    ,0, 600.00    ,15
prob_N5_T5_1.csv,Alg1,0.01, 2 257 950    , 2 257 950    ,1, 0.14    ,2
prob_N5_T5_2.csv,Alg1,0.01, 6 179 900    , 6 189 600    ,1, 0.28    ,5
prob_N5_T5_3.csv,Alg1,0.01, 852 302    , 852 302    ,1, 0.17    ,3
prob_N5_T5_4.csv,Alg1,0.01, 3 809 890    , 3 809 790    ,1, 27.92    ,26
prob_N5_T5_5.csv,Alg1,0.01, 2 653 240    , 2 675 830    ,1, 0.57    ,7
prob_N5_T10_1.csv,Alg1,0.01, 2 205 680    , 2 205 680    ,1, 0.07    ,1
prob_N5_T10_2.csv,Alg1,0.01, 10 325 000    , 10 349 200    ,1, 120.09    ,27
prob_N5_T10_3.csv,Alg1,0.01, 7 691 190    , 7 691 190    ,1, 0.88    ,4
prob_N5_T10_4.csv,Alg1,0.01, 6 640 650    , 6 713 400    ,1, 3.16    ,7
prob_N5_T10_5.csv,Alg1,0.01,-448 601    ,-441 051    ,1, 0.75    ,4
prob_N5_T15_1.csv,Alg1,0.01, 10 876 600    , 10 889 000    ,1, 324.36    ,34
prob_N5_T15_2.csv,Alg1,0.01, 7 500 990    , 7 501 150    ,1, 1.28    ,6
prob_N5_T15_3.csv,Alg1,0.01, 12 754 300    , 12 781 200    ,1, 0.64    ,3
prob_N5_T15_4.csv,Alg1,0.01, 6 002 740    , 6 023 060    ,0, 600.00    ,47
prob_N5_T15_5.csv,Alg1,0.01,-226 267    ,-217 153    ,1, 0.23    ,3
prob_N10_T5_1.csv,Alg1,0.01, 6 059 750    , 6 059 750    ,1, 0.12    ,2
prob_N10_T5_2.csv,Alg1,0.01, 6 673 280    , 6 676 230    ,1, 1.95    ,10
prob_N10_T5_3.csv,Alg1,0.01, 6 005 830    , 6 013 000    ,1, 0.14    ,2
prob_N10_T5_4.csv,Alg1,0.01, 3 323 870    , 3 334 200    ,1, 0.52    ,4
prob_N10_T5_5.csv,Alg1,0.01, 6 991 470    , 7 005 240    ,0, 600.00    ,47
prob_N10_T10_1.csv,Alg1,0.01, 6 386 760    , 6 470 670    ,0, 600.00    ,31
prob_N10_T10_2.csv,Alg1,0.01, 16 291 100    , 16 421 700    ,0, 600.00    ,47
prob_N10_T10_3.csv,Alg1,0.01,-658 189    ,-650 085    ,1, 111.35    ,39
prob_N10_T10_4.csv,Alg1,0.01, 11 112 600    , 11 314 000    ,0, 600.00    ,39
prob_N10_T10_5.csv,Alg1,0.01, 14 799 100    , 14 813 300    ,0, 600.00    ,25
prob_N10_T15_1.csv,Alg1,0.01, 9 820 680    , 9 867 780    ,1, 18.01    ,6
prob_N10_T15_2.csv,Alg1,0.01, 15 562 700    , 15 660 400    ,0, 600.00    ,43
prob_N10_T15_3.csv,Alg1,0.01, 11 626 500    , 11 635 600    ,0, 600.00    ,24
prob_N10_T15_4.csv,Alg1,0.01, 20 033 100    , 20 370 400    ,0, 600.00    ,11
prob_N10_T15_5.csv,Alg1,0.01, 9 067 090    , 9 067 240    ,1, 61.16    ,11
prob_N15_T5_1.csv,Alg1,0.01, 4 637 990    , 4 665 320    ,1, 14.84    ,11
prob_N15_T5_2.csv,Alg1,0.01, 12 332 400    , 12 388 500    ,0, 600.00    ,18
prob_N15_T5_3.csv,Alg1,0.01, 5 902 110    , 6 030 640    ,1, 0.13    ,2
prob_N15_T5_4.csv,Alg1,0.01, 16 978 100    , 17 046 100    ,0, 600.00    ,19
prob_N15_T5_5.csv,Alg1,0.01, 10 204 700    , 10 204 700    ,1, 0.09    ,1
prob_N15_T10_1.csv,Alg1,0.01, 19 724 000    , 19 780 100    ,0, 600.00    ,31
prob_N15_T10_2.csv,Alg1,0.01, 21 028 400    , 21 073 600    ,1, 181.89    ,18
prob_N15_T10_3.csv,Alg1,0.01, 29 115 000    , 29 130 600    ,1, 0.94    ,5
prob_N15_T10_4.csv,Alg1,0.01, 12 529 100    , 12 541 000    ,1, 2.84    ,7
prob_N15_T10_5.csv,Alg1,0.01, 9 972 040    , 10 096 700    ,1, 34.72    ,11
prob_N15_T15_1.csv,Alg1,0.01, 33 374 900    , 33 550 600    ,0, 600.00    ,18
prob_N15_T15_2.csv,Alg1,0.01, 29 365 900    , 29 487 300    ,0, 600.00    ,21
prob_N15_T15_3.csv,Alg1,0.01, 40 902 700    , 41 290 000    ,0, 600.00    ,7
prob_N15_T15_4.csv,Alg1,0.01, 40 231 500    , 40 956 400    ,0, 600.00    ,13
prob_N15_T15_5.csv,Alg1,0.01, 30 743 800    , 31 493 200    ,0, 600.00    ,8
probIF_N5_T5_1.csv,Alg1,0.01, 2 257 950    , 2 257 950    ,1, 0.08    ,2
probIF_N5_T5_2.csv,Alg1,0.01, 1 816 160    , 1 826 830    ,1, 0.06    ,2
probIF_N5_T5_3.csv,Alg1,0.01, 2 237 630    , 2 248 160    ,1, 0.14    ,3
probIF_N5_T5_4.csv,Alg1,0.01, 2 484 670    , 2 488 980    ,1, 164.44    ,38
probIF_N5_T5_5.csv,Alg1,0.01, 3 562 500    , 3 562 500    ,1, 0.17    ,3
probIF_N5_T10_1.csv,Alg1,0.01, 6 831 160    , 6 831 670    ,1, 0.10    ,2
probIF_N5_T10_2.csv,Alg1,0.01, 8 929 000    , 8 996 040    ,1, 40.55    ,19
probIF_N5_T10_3.csv,Alg1,0.01, 3 325 780    , 3 329 240    ,1, 0.42    ,4
probIF_N5_T10_4.csv,Alg1,0.01, 2 525 520    , 2 529 050    ,1, 3.02    ,9
probIF_N5_T10_5.csv,Alg1,0.01, 7 598 630    , 7 602 750    ,1, 0.52    ,4
probIF_N5_T15_1.csv,Alg1,0.01, 7 019 460    , 7 029 270    ,1, 0.54    ,3
probIF_N5_T15_2.csv,Alg1,0.01, 8 955 120    , 8 963 820    ,1, 5.92    ,7
probIF_N5_T15_3.csv,Alg1,0.01, 11 605 100    , 11 622 800    ,1, 0.12    ,1
probIF_N5_T15_4.csv,Alg1,0.01, 8 307 680    , 8 329 900    ,1, 67.60    ,11
probIF_N5_T15_5.csv,Alg1,0.01, 9 299 310    , 9 372 300    ,0, 600.00    ,23
probIF_N10_T5_1.csv,Alg1,0.01, 2 935 370    , 3 056 640    ,1, 0.09    ,2
probIF_N10_T5_2.csv,Alg1,0.01, 8 414 510    , 8 431 720    ,1, 413.51    ,44
probIF_N10_T5_3.csv,Alg1,0.01, 4 748 700    , 4 748 700    ,1, 0.04    ,1
probIF_N10_T5_4.csv,Alg1,0.01, 4 400 690    , 4 415 360    ,1, 0.63    ,5
probIF_N10_T5_5.csv,Alg1,0.01, 144 308    , 144 308    ,1, 0.04    ,1
probIF_N10_T10_1.csv,Alg1,0.01, 2 232 100    , 2 253 660    ,1, 128.68    ,21
probIF_N10_T10_2.csv,Alg1,0.01, 11 508 000    , 11 665 100    ,0, 600.00    ,40
probIF_N10_T10_3.csv,Alg1,0.01,-572 945    ,-500 030    ,1, 0.45    ,5
probIF_N10_T10_4.csv,Alg1,0.01, 19 824 000    , 19 987 000    ,0, 600.00    ,14
probIF_N10_T10_5.csv,Alg1,0.01, 16 500 300    , 16 662 100    ,0, 600.00    ,19
probIF_N10_T15_1.csv,Alg1,0.01, 5 357 720    , 5 391 520    ,0, 600.00    ,30
probIF_N10_T15_2.csv,Alg1,0.01, 6 513 940    , 6 680 110    ,1, 111.38    ,9
probIF_N10_T15_3.csv,Alg1,0.01, 16 905 900    , 16 960 700    ,1, 3.36    ,7
probIF_N10_T15_4.csv,Alg1,0.01, 20 689 400    , 20 738 300    ,1, 301.49    ,19
probIF_N10_T15_5.csv,Alg1,0.01, 9 714 810    , 9 874 770    ,0, 600.00    ,17
probIF_N15_T5_1.csv,Alg1,0.01, 8 410 680    , 8 436 420    ,1, 0.18    ,3
probIF_N15_T5_2.csv,Alg1,0.01, 11 938 800    , 11 939 000    ,1, 10.85    ,26
probIF_N15_T5_3.csv,Alg1,0.01, 11 063 700    , 11 105 000    ,1, 97.20    ,21
probIF_N15_T5_4.csv,Alg1,0.01, 12 008 000    , 12 008 000    ,1, 0.32    ,3
probIF_N15_T5_5.csv,Alg1,0.01, 9 981 710    , 10 042 000    ,1, 14.15    ,12
probIF_N15_T10_1.csv,Alg1,0.01, 8 212 170    , 8 502 450    ,0, 600.00    ,25
probIF_N15_T10_2.csv,Alg1,0.01, 38 222 300    , 38 463 600    ,0, 600.00    ,13
probIF_N15_T10_3.csv,Alg1,0.01, 12 852 400    , 12 992 900    ,0, 600.00    ,20
probIF_N15_T10_4.csv,Alg1,0.01, 10 528 700    , 10 672 400    ,1, 305.16    ,19
probIF_N15_T10_5.csv,Alg1,0.01, 12 041 500    , 12 246 400    ,0, 600.00    ,24
probIF_N15_T15_1.csv,Alg1,0.01, 38 208 200    , 38 632 500    ,0, 600.00    ,10
probIF_N15_T15_2.csv,Alg1,0.01, 23 054 000    , 23 167 500    ,1, 101.27    ,9
probIF_N15_T15_3.csv,Alg1,0.01, 41 882 900    , 42 027 500    ,0, 600.00    ,12
probIF_N15_T15_4.csv,Alg1,0.01, 13 294 800    , 13 570 100    ,0, 600.00    ,9
probIF_N15_T15_5.csv,Alg1,0.01, 38 044 800    , 38 312 200    ,1, 196.99    ,12
prob_N5_T5_1.csv,Alg2,0.001, 2 257 950    , 2 257 950    ,1, 0.04    ,1
prob_N5_T5_2.csv,Alg2,0.001, 6 179 900    , 6 179 900    ,1, 0.03    ,1
prob_N5_T5_3.csv,Alg2,0.001, 852 302    , 852 302    ,1, 0.10    ,3
prob_N5_T5_4.csv,Alg2,0.001, 3 810 050    , 3 810 100    ,1, 2.02    ,11
prob_N5_T5_5.csv,Alg2,0.001, 2 654 210    , 2 658 620    ,1, 0.10    ,3
prob_N5_T10_1.csv,Alg2,0.001, 2 205 680    , 2 205 680    ,1, 0.03    ,1
prob_N5_T10_2.csv,Alg2,0.001, 10 339 500    , 10 341 100    ,1, 40.51    ,19
prob_N5_T10_3.csv,Alg2,0.001, 7 690 720    , 7 691 190    ,1, 0.88    ,4
prob_N5_T10_4.csv,Alg2,0.001, 6 706 130    , 6 713 410    ,1, 0.87    ,5
prob_N5_T10_5.csv,Alg2,0.001,-441 806    ,-441 051    ,1, 0.31    ,3
prob_N5_T15_1.csv,Alg2,0.001, 10 887 400    , 10 887 700    ,1, 41.12    ,14
prob_N5_T15_2.csv,Alg2,0.001, 7 500 590    , 7 501 050    ,1, 0.66    ,5
prob_N5_T15_3.csv,Alg2,0.001, 12 778 700    , 12 781 600    ,1, 0.60    ,4
prob_N5_T15_4.csv,Alg2,0.001, 6 011 350    , 6 012 190    ,1, 1.34    ,5
prob_N5_T15_5.csv,Alg2,0.001,-223 585    ,-223 287    ,1, 0.39    ,3
prob_N10_T5_1.csv,Alg2,0.001, 6 059 750    , 6 059 750    ,1, 0.19    ,2
prob_N10_T5_2.csv,Alg2,0.001, 6 675 940    , 6 676 230    ,1, 0.55    ,4
prob_N10_T5_3.csv,Alg2,0.001, 6 012 280    , 6 013 000    ,1, 0.16    ,2
prob_N10_T5_4.csv,Alg2,0.001, 3 325 700    , 3 325 880    ,1, 0.38    ,3
prob_N10_T5_5.csv,Alg2,0.001, 6 997 230    , 6 998 030    ,1, 4.77    ,7
prob_N10_T10_1.csv,Alg2,0.001, 6 409 500    , 6 503 310    ,0, 600.00    ,37
prob_N10_T10_2.csv,Alg2,0.001, 16 325 200    , 16 330 300    ,1, 49.97    ,21
prob_N10_T10_3.csv,Alg2,0.001,-651 611    ,-650 741    ,1, 0.39    ,4
prob_N10_T10_4.csv,Alg2,0.001, 11 135 300    , 11 159 600    ,1, 35.96    ,15
prob_N10_T10_5.csv,Alg2,0.001, 14 799 100    , 14 799 100    ,1, 2.54    ,4
prob_N10_T15_1.csv,Alg2,0.001, 9 851 200    , 9 854 040    ,1, 19.03    ,6
prob_N10_T15_2.csv,Alg2,0.001, 15 598 600    , 15 601 100    ,1, 35.50    ,15
prob_N10_T15_3.csv,Alg2,0.001, 11 626 900    , 11 630 400    ,0, 600.00    ,22
prob_N10_T15_4.csv,Alg2,0.001, 20 075 500    , 20 296 200    ,0, 600.00    ,10
prob_N10_T15_5.csv,Alg2,0.001, 9 067 140    , 9 067 140    ,1, 44.39    ,10
prob_N15_T5_1.csv,Alg2,0.001, 4 644 210    , 4 645 300    ,1, 1.35    ,5
prob_N15_T5_2.csv,Alg2,0.001, 12 349 000    , 12 350 100    ,1, 48.24    ,10
prob_N15_T5_3.csv,Alg2,0.001, 5 910 090    , 5 910 970    ,1, 0.22    ,3
prob_N15_T5_4.csv,Alg2,0.001, 16 981 200    , 16 981 500    ,1, 26.73    ,8
prob_N15_T5_5.csv,Alg2,0.001, 10 204 700    , 10 204 700    ,1, 0.09    ,1
prob_N15_T10_1.csv,Alg2,0.001, 19 731 300    , 19 732 900    ,1, 5.07    ,6
prob_N15_T10_2.csv,Alg2,0.001, 21 065 000    , 21 069 100    ,1, 1.31    ,3
prob_N15_T10_3.csv,Alg2,0.001, 29 115 000    , 29 115 000    ,1, 0.59    ,3
prob_N15_T10_4.csv,Alg2,0.001, 12 534 100    , 12 535 500    ,1, 1.64    ,6
prob_N15_T10_5.csv,Alg2,0.001, 10 002 500    , 10 096 500    ,1, 15.97    ,7
prob_N15_T15_1.csv,Alg2,0.001, 33 443 000    , 33 450 400    ,1, 26.74    ,6
prob_N15_T15_2.csv,Alg2,0.001, 29 399 300    , 29 419 200    ,0, 600.00    ,13
prob_N15_T15_3.csv,Alg2,0.001, 40 986 000    , 41 201 000    ,0, 600.00    ,6
prob_N15_T15_4.csv,Alg2,0.001, 40 231 500    , 40 396 800    ,0, 600.00    ,10
prob_N15_T15_5.csv,Alg2,0.001, 30 758 800    , 31 302 059    ,0, 600.00    ,6
probIF_N5_T5_1.csv,Alg2,0.001, 2 257 950    , 2 257 950    ,1, 0.04    ,1
probIF_N5_T5_2.csv,Alg2,0.001, 1 825 760    , 1 826 830    ,1, 0.06    ,2
probIF_N5_T5_3.csv,Alg2,0.001, 2 247 110    , 2 248 160    ,1, 0.04    ,1
probIF_N5_T5_4.csv,Alg2,0.001, 2 488 640    , 2 488 980    ,1, 1.21    ,6
probIF_N5_T5_5.csv,Alg2,0.001, 3 562 500    , 3 562 500    ,1, 0.17    ,3
probIF_N5_T10_1.csv,Alg2,0.001, 6 831 600    , 6 831 670    ,1, 0.11    ,2
probIF_N5_T10_2.csv,Alg2,0.001, 8 951 340    , 8 961 730    ,1, 65.66    ,20
probIF_N5_T10_3.csv,Alg2,0.001, 3 326 940    , 3 327 220    ,1, 0.43    ,4
probIF_N5_T10_4.csv,Alg2,0.001, 2 528 700    , 2 529 050    ,1, 0.18    ,2
probIF_N5_T10_5.csv,Alg2,0.001, 7 601 740    , 7 602 390    ,1, 0.46    ,5
probIF_N5_T15_1.csv,Alg2,0.001, 7 028 560    , 7 029 270    ,1, 0.19    ,2
probIF_N5_T15_2.csv,Alg2,0.001, 8 962 950    , 8 963 490    ,1, 10.16    ,8
probIF_N5_T15_3.csv,Alg2,0.001, 11 622 100    , 11 622 800    ,1, 0.80    ,3
probIF_N5_T15_4.csv,Alg2,0.001, 8 323 800    , 8 329 480    ,1, 43.25    ,13
probIF_N5_T15_5.csv,Alg2,0.001, 9 349 370    , 9 353 860    ,1, 96.08    ,13
probIF_N10_T5_1.csv,Alg2,0.001, 3 050 930    , 3 056 640    ,1, 0.04    ,1
probIF_N10_T5_2.csv,Alg2,0.001, 8 430 000    , 8 431 720    ,1, 0.73    ,4
probIF_N10_T5_3.csv,Alg2,0.001, 4 748 700    , 4 748 700    ,1, 0.05    ,1
probIF_N10_T5_4.csv,Alg2,0.001, 4 408 390    , 4 409 240    ,1, 0.54    ,4
probIF_N10_T5_5.csv,Alg2,0.001, 144 308    , 144 308    ,1, 0.05    ,1
probIF_N10_T10_1.csv,Alg2,0.001, 2 247 950    , 2 253 660    ,1, 2.70    ,6
probIF_N10_T10_2.csv,Alg2,0.001, 11 623 200    , 11 627 900    ,1, 11.98    ,11
probIF_N10_T10_3.csv,Alg2,0.001,-572 945    ,-572 944    ,1, 0.07    ,1
probIF_N10_T10_4.csv,Alg2,0.001, 19 842 600    , 19 899 700    ,0, 600.00    ,16
probIF_N10_T10_5.csv,Alg2,0.001, 16 513 000    , 16 601 400    ,0, 600.00    ,23
probIF_N10_T15_1.csv,Alg2,0.001, 5 386 260    , 5 391 520    ,1, 36.30    ,10
probIF_N10_T15_2.csv,Alg2,0.001, 6 588 260    , 6 640 160    ,0, 600.00    ,15
probIF_N10_T15_3.csv,Alg2,0.001, 16 927 200    , 16 929 600    ,1, 0.81    ,3
probIF_N10_T15_4.csv,Alg2,0.001, 20 720 500    , 20 728 600    ,1, 115.31    ,11
probIF_N10_T15_5.csv,Alg2,0.001, 9 701 850    , 9 838 050    ,0, 600.00    ,14
probIF_N15_T5_1.csv,Alg2,0.001, 8 410 680    , 8 410 680    ,1, 0.15    ,2
probIF_N15_T5_2.csv,Alg2,0.001, 11 938 700    , 11 939 000    ,1, 0.14    ,2
probIF_N15_T5_3.csv,Alg2,0.001, 11 104 100    , 11 104 900    ,1, 5.55    ,7
probIF_N15_T5_4.csv,Alg2,0.001, 12 008 000    , 12 008 000    ,1, 0.22    ,2
probIF_N15_T5_5.csv,Alg2,0.001, 10 036 400    , 10 042 000    ,1, 2.30    ,6
probIF_N15_T10_1.csv,Alg2,0.001, 8 268 220    , 8 352 980    ,0, 600.00    ,18
probIF_N15_T10_2.csv,Alg2,0.001, 38 314 400    , 38 325 900    ,1, 44.04    ,8
probIF_N15_T10_3.csv,Alg2,0.001, 12 881 900    , 12 889 600    ,1, 328.35    ,16
probIF_N15_T10_4.csv,Alg2,0.001, 10 586 600    , 10 638 500    ,1, 375.62    ,20
probIF_N15_T10_5.csv,Alg2,0.001, 12 069 400    , 12 121 800    ,0, 600.00    ,17
probIF_N15_T15_1.csv,Alg2,0.001, 38 247 600    , 38 482 000    ,0, 600.00    ,9
probIF_N15_T15_2.csv,Alg2,0.001, 23 088 400    , 23 168 100    ,0, 600.00    ,15
probIF_N15_T15_3.csv,Alg2,0.001, 41 890 300    , 41 902 200    ,0, 600.00    ,15
probIF_N15_T15_4.csv,Alg2,0.001, 13 031 900    , 13 553 600    ,0, 600.00    ,7
probIF_N15_T15_5.csv,Alg2,0.001, 38 073 900    , 38 086 200    ,1, 110.58    ,9
prob_N5_T5_1.csv,Alg2,0.005, 2 257 950    , 2 257 950    ,1, 0.18    ,1
prob_N5_T5_2.csv,Alg2,0.005, 6 179 900    , 6 179 900    ,1, 0.10    ,1
prob_N5_T5_3.csv,Alg2,0.005, 852 302    , 852 302    ,1, 0.35    ,3
prob_N5_T5_4.csv,Alg2,0.005, 3 809 830    , 3 810 100    ,1, 3.98    ,9
prob_N5_T5_5.csv,Alg2,0.005, 2 652 260    , 2 663 130    ,1, 0.19    ,3
prob_N5_T10_1.csv,Alg2,0.005, 2 205 680    , 2 205 680    ,1, 0.08    ,1
prob_N5_T10_2.csv,Alg2,0.005, 10 333 100    , 10 353 500    ,1, 5.35    ,10
prob_N5_T10_3.csv,Alg2,0.005, 7 691 190    , 7 691 190    ,1, 0.43    ,4
prob_N5_T10_4.csv,Alg2,0.005, 6 677 030    , 6 713 410    ,1, 0.69    ,5
prob_N5_T10_5.csv,Alg2,0.005,-444 826    ,-441 051    ,1, 0.33    ,4
prob_N5_T15_1.csv,Alg2,0.005, 10 882 100    , 10 890 200    ,1, 13.04    ,10
prob_N5_T15_2.csv,Alg2,0.005, 7 500 620    , 7 501 050    ,1, 0.61    ,5
prob_N5_T15_3.csv,Alg2,0.005, 12 768 800    , 12 781 200    ,1, 0.27    ,3
prob_N5_T15_4.csv,Alg2,0.005, 6 008 020    , 6 012 190    ,1, 1.34    ,5
prob_N5_T15_5.csv,Alg2,0.005,-224 777    ,-222 769    ,1, 0.32    ,3
prob_N10_T5_1.csv,Alg2,0.005, 6 059 750    , 6 059 750    ,1, 0.17    ,2
prob_N10_T5_2.csv,Alg2,0.005, 6 674 750    , 6 676 230    ,1, 0.43    ,4
prob_N10_T5_3.csv,Alg2,0.005, 6 009 410    , 6 013 000    ,1, 0.20    ,3
prob_N10_T5_4.csv,Alg2,0.005, 3 325 640    , 3 325 900    ,1, 0.32    ,3
prob_N10_T5_5.csv,Alg2,0.005, 6 994 030    , 6 998 030    ,1, 4.40    ,7
prob_N10_T10_1.csv,Alg2,0.005, 6 402 920    , 6 479 010    ,0, 600.00    ,27
prob_N10_T10_2.csv,Alg2,0.005, 16 317 100    , 16 394 900    ,1, 4.37    ,7
prob_N10_T10_3.csv,Alg2,0.005,-655 092    ,-650 741    ,1, 0.65    ,5
prob_N10_T10_4.csv,Alg2,0.005, 11 125 700    , 11 191 000    ,1, 21.14    ,14
prob_N10_T10_5.csv,Alg2,0.005, 14 799 100    , 14 799 100    ,1, 2.10    ,4
prob_N10_T15_1.csv,Alg2,0.005, 9 839 870    , 9 854 040    ,1, 22.88    ,6
prob_N10_T15_2.csv,Alg2,0.005, 15 588 500    , 15 601 100    ,1, 20.85    ,11
prob_N10_T15_3.csv,Alg2,0.005, 11 629 400    , 11 631 400    ,1, 330.54    ,17
prob_N10_T15_4.csv,Alg2,0.005, 20 055 900    , 20 286 000    ,0, 600.00    ,9
prob_N10_T15_5.csv,Alg2,0.005, 9 067 120    , 9 067 140    ,1, 39.19    ,10
prob_N15_T5_1.csv,Alg2,0.005, 4 639 840    , 4 649 380    ,1, 0.71    ,4
prob_N15_T5_2.csv,Alg2,0.005, 12 344 500    , 12 350 100    ,1, 20.22    ,8
prob_N15_T5_3.csv,Alg2,0.005, 5 906 540    , 6 030 640    ,1, 0.13    ,2
prob_N15_T5_4.csv,Alg2,0.005, 16 980 300    , 16 981 500    ,1, 5.19    ,5
prob_N15_T5_5.csv,Alg2,0.005, 10 204 700    , 10 204 700    ,1, 0.09    ,1
prob_N15_T10_1.csv,Alg2,0.005, 19 728 100    , 19 735 000    ,1, 6.46    ,6
prob_N15_T10_2.csv,Alg2,0.005, 21 048 700    , 21 069 100    ,1, 2.14    ,4
prob_N15_T10_3.csv,Alg2,0.005, 29 115 000    , 29 115 000    ,1, 0.50    ,3
prob_N15_T10_4.csv,Alg2,0.005, 12 530 200    , 12 535 500    ,1, 2.36    ,6
prob_N15_T10_5.csv,Alg2,0.005, 9 987 630    , 10 096 900    ,1, 5.80    ,6
prob_N15_T15_1.csv,Alg2,0.005, 33 413 500    , 33 450 400    ,1, 20.29    ,5
prob_N15_T15_2.csv,Alg2,0.005, 29 381 300    , 29 412 100    ,0, 600.00    ,14
prob_N15_T15_3.csv,Alg2,0.005, 40 902 200    , 41 378 500    ,0, 600.00    ,5
prob_N15_T15_4.csv,Alg2,0.005, 40 231 500    , 40 406 500    ,0, 600.00    ,9
prob_N15_T15_5.csv,Alg2,0.005, 30 644 200    , 31 283 300    ,0, 600.00    ,5
probIF_N5_T5_1.csv,Alg2,0.005, 2 257 950    , 2 257 950    ,1, 0.04    ,1
probIF_N5_T5_2.csv,Alg2,0.005, 1 821 490    , 1 826 830    ,1, 0.07    ,2
probIF_N5_T5_3.csv,Alg2,0.005, 2 242 900    , 2 248 160    ,1, 0.04    ,1
probIF_N5_T5_4.csv,Alg2,0.005, 2 487 300    , 2 488 980    ,1, 2.27    ,7
probIF_N5_T5_5.csv,Alg2,0.005, 3 562 500    , 3 562 500    ,1, 0.18    ,3
probIF_N5_T10_1.csv,Alg2,0.005, 6 831 310    , 6 831 670    ,1, 0.12    ,2
probIF_N5_T10_2.csv,Alg2,0.005, 8 937 480    , 8 996 300    ,1, 17.65    ,12
probIF_N5_T10_3.csv,Alg2,0.005, 3 326 500    , 3 327 220    ,1, 0.34    ,4
probIF_N5_T10_4.csv,Alg2,0.005, 2 527 290    , 2 529 050    ,1, 0.16    ,2
probIF_N5_T10_5.csv,Alg2,0.005, 7 600 890    , 7 602 750    ,1, 0.30    ,4
probIF_N5_T15_1.csv,Alg2,0.005, 7 015 640    , 7 029 270    ,1, 0.34    ,3
probIF_N5_T15_2.csv,Alg2,0.005, 8 959 450    , 8 963 820    ,1, 10.23    ,8
probIF_N5_T15_3.csv,Alg2,0.005, 11 618 800    , 11 622 800    ,1, 0.59    ,3
probIF_N5_T15_4.csv,Alg2,0.005, 8 311 700    , 8 329 480    ,1, 73.60    ,15
probIF_N5_T15_5.csv,Alg2,0.005, 9 331 420    , 9 356 070    ,1, 43.13    ,10
probIF_N10_T5_1.csv,Alg2,0.005, 2 966 870    , 3 056 640    ,1, 0.08    ,2
probIF_N10_T5_2.csv,Alg2,0.005, 8 423 210    , 8 431 820    ,1, 0.35    ,3
probIF_N10_T5_3.csv,Alg2,0.005, 4 748 700    , 4 748 700    ,1, 0.05    ,1
probIF_N10_T5_4.csv,Alg2,0.005, 4 404 970    , 4 409 240    ,1, 0.29    ,3
probIF_N10_T5_5.csv,Alg2,0.005, 144 308    , 144 308    ,1, 0.04    ,1
probIF_N10_T10_1.csv,Alg2,0.005, 2 242 700    , 2 260 800    ,1, 22.57    ,12
probIF_N10_T10_2.csv,Alg2,0.005, 11 604 300    , 11 627 900    ,1, 3.47    ,8
probIF_N10_T10_3.csv,Alg2,0.005,-572 944    ,-572 945    ,1, 0.08    ,1
probIF_N10_T10_4.csv,Alg2,0.005, 19 844 700    , 19 902 800    ,1, 180.25    ,11
probIF_N10_T10_5.csv,Alg2,0.005, 16 505 800    , 16 580 300    ,0, 600.00    ,18
probIF_N10_T15_1.csv,Alg2,0.005, 5 369 530    , 5 391 520    ,1, 28.22    ,9
probIF_N10_T15_2.csv,Alg2,0.005, 6 522 420    , 6 708 760    ,1, 74.68    ,9
probIF_N10_T15_3.csv,Alg2,0.005, 16 917 700    , 16 929 600    ,1, 0.37    ,2
probIF_N10_T15_4.csv,Alg2,0.005, 20 704 000    , 20 731 800    ,1, 6.78    ,6
probIF_N10_T15_5.csv,Alg2,0.005, 9 689 580    , 9 830 360    ,0, 600.00    ,13
probIF_N15_T5_1.csv,Alg2,0.005, 8 410 680    , 8 410 680    ,1, 0.11    ,2
probIF_N15_T5_2.csv,Alg2,0.005, 11 937 300    , 11 938 200    ,1, 0.11    ,2
probIF_N15_T5_3.csv,Alg2,0.005, 11 072 900    , 11 105 000    ,1, 4.16    ,7
probIF_N15_T5_4.csv,Alg2,0.005, 12 008 000    , 12 008 000    ,1, 0.21    ,2
probIF_N15_T5_5.csv,Alg2,0.005, 10 013 900    , 10 042 000    ,1, 2.37    ,6
probIF_N15_T10_1.csv,Alg2,0.005, 8 276 000    , 8 354 910    ,0, 600.00    ,19
probIF_N15_T10_2.csv,Alg2,0.005, 38 279 500    , 38 329 700    ,1, 20.49    ,6
probIF_N15_T10_3.csv,Alg2,0.005, 12 869 400    , 12 910 700    ,1, 238.92    ,13
probIF_N15_T10_4.csv,Alg2,0.005, 10 560 900    , 10 650 100    ,1, 90.75    ,11
probIF_N15_T10_5.csv,Alg2,0.005, 12 060 700    , 12 113 600    ,0, 600.00    ,17
probIF_N15_T15_1.csv,Alg2,0.005, 38 337 700    , 38 507 600    ,0, 600.00    ,9
probIF_N15_T15_2.csv,Alg2,0.005, 23 074 300    , 23 169 400    ,1, 78.99    ,7
probIF_N15_T15_3.csv,Alg2,0.005, 41 891 200    , 41 943 800    ,1, 458.25    ,12
probIF_N15_T15_4.csv,Alg2,0.005, 13 180 100    , 13 537 600    ,0, 600.00    ,7
probIF_N15_T15_5.csv,Alg2,0.005, 38 070 000    , 38 186 900    ,1, 20.55    ,4
prob_N5_T5_1.csv,Alg2,0.01, 2 257 950    , 2 257 950    ,1, 0.11    ,1
prob_N5_T5_2.csv,Alg2,0.01, 6 179 900    , 6 179 900    ,1, 0.09    ,1
prob_N5_T5_3.csv,Alg2,0.01, 852 302    , 852 302    ,1, 0.40    ,3
prob_N5_T5_4.csv,Alg2,0.01, 3 809 930    , 3 810 100    ,1, 3.08    ,8
prob_N5_T5_5.csv,Alg2,0.01, 2 649 820    , 2 675 420    ,1, 0.33    ,3
prob_N5_T10_1.csv,Alg2,0.01, 2 205 680    , 2 205 680    ,1, 0.11    ,1
prob_N5_T10_2.csv,Alg2,0.01, 10 325 000    , 10 363 500    ,1, 6.50    ,9
prob_N5_T10_3.csv,Alg2,0.01, 7 691 190    , 7 691 190    ,1, 0.46    ,4
prob_N5_T10_4.csv,Alg2,0.01, 6 640 650    , 6 713 410    ,1, 0.65    ,5
prob_N5_T10_5.csv,Alg2,0.01,-448 601    ,-441 051    ,1, 0.33    ,4
prob_N5_T15_1.csv,Alg2,0.01, 10 876 400    , 10 931 900    ,1, 3.14    ,7
prob_N5_T15_2.csv,Alg2,0.01, 7 501 050    , 7 500 520    ,1, 0.63    ,5
prob_N5_T15_3.csv,Alg2,0.01, 12 756 400    , 12 781 200    ,1, 0.31    ,3
prob_N5_T15_4.csv,Alg2,0.01, 6 003 860    , 6 012 190    ,1, 1.25    ,5
prob_N5_T15_5.csv,Alg2,0.01,-226 267    ,-223 287    ,1, 0.26    ,3
prob_N10_T5_1.csv,Alg2,0.01, 6 059 750    , 6 059 750    ,1, 0.14    ,2
prob_N10_T5_2.csv,Alg2,0.01, 6 673 280    , 6 676 230    ,1, 0.40    ,4
prob_N10_T5_3.csv,Alg2,0.01, 6 005 830    , 6 013 090    ,1, 0.30    ,4
prob_N10_T5_4.csv,Alg2,0.01, 3 325 640    , 3 325 900    ,1, 0.31    ,3
prob_N10_T5_5.csv,Alg2,0.01, 6 991 470    , 6 998 030    ,1, 2.82    ,7
prob_N10_T10_1.csv,Alg2,0.01, 6 394 700    , 6 484 550    ,0, 600.00    ,30
prob_N10_T10_2.csv,Alg2,0.01, 16 302 200    , 16 402 200    ,1, 6.13    ,7
prob_N10_T10_3.csv,Alg2,0.01,-658 693    ,-650 085    ,1, 0.34    ,3
prob_N10_T10_4.csv,Alg2,0.01, 11 123 000    , 11 200 600    ,1, 16.86    ,13
prob_N10_T10_5.csv,Alg2,0.01, 14 799 100    , 14 807 500    ,1, 1.27    ,3
prob_N10_T15_1.csv,Alg2,0.01, 9 820 680    , 9 857 890    ,1, 12.93    ,5
prob_N10_T15_2.csv,Alg2,0.01, 15 573 400    , 15 603 800    ,1, 12.12    ,9
prob_N10_T15_3.csv,Alg2,0.01, 11 629 400    , 11 632 800    ,1, 242.93    ,16
prob_N10_T15_4.csv,Alg2,0.01, 20 052 700    , 20 262 100    ,0, 600.00    ,8
prob_N10_T15_5.csv,Alg2,0.01, 9 066 960    , 9 067 240    ,1, 59.17    ,10
prob_N15_T5_1.csv,Alg2,0.01, 4 637 080    , 4 645 300    ,1, 8.92    ,9
prob_N15_T5_2.csv,Alg2,0.01, 12 339 000    , 12 350 100    ,1, 20.76    ,8
prob_N15_T5_3.csv,Alg2,0.01, 5 902 110    , 6 030 640    ,1, 0.17    ,2
prob_N15_T5_4.csv,Alg2,0.01, 16 980 800    , 16 996 400    ,1, 11.99    ,6
prob_N15_T5_5.csv,Alg2,0.01, 10 204 700    , 10 204 700    ,1, 0.12    ,1
prob_N15_T10_1.csv,Alg2,0.01, 19 724 000    , 19 746 700    ,1, 2.31    ,4
prob_N15_T10_2.csv,Alg2,0.01, 21 028 400    , 21 069 100    ,1, 3.29    ,5
prob_N15_T10_3.csv,Alg2,0.01, 29 115 000    , 29 136 500    ,1, 0.54    ,3
prob_N15_T10_4.csv,Alg2,0.01, 12 528 600    , 12 535 500    ,1, 2.37    ,6
prob_N15_T10_5.csv,Alg2,0.01, 9 972 040    , 10 096 900    ,1, 21.01    ,9
prob_N15_T15_1.csv,Alg2,0.01, 33 376 600    , 33 453 300    ,1, 17.36    ,5
prob_N15_T15_2.csv,Alg2,0.01, 29 356 800    , 29 412 500    ,0, 600.00    ,13
prob_N15_T15_3.csv,Alg2,0.01, 40 872 500    , 41 224 400    ,0, 600.00    ,7
prob_N15_T15_4.csv,Alg2,0.01, 40 231 500    , 40 439 127    ,0, 600.00    ,11
prob_N15_T15_5.csv,Alg2,0.01, 30 797 400    , 31 262 900    ,0, 600.00    ,7
probIF_N5_T5_1.csv,Alg2,0.01, 2 257 950    , 2 257 950    ,1, 0.04    ,1
probIF_N5_T5_2.csv,Alg2,0.01, 1 816 160    , 1 826 830    ,1, 0.07    ,2
probIF_N5_T5_3.csv,Alg2,0.01, 2 237 630    , 2 248 160    ,1, 0.04    ,1
probIF_N5_T5_4.csv,Alg2,0.01, 2 485 620    , 2 488 980    ,1, 2.15    ,7
probIF_N5_T5_5.csv,Alg2,0.01, 3 562 500    , 3 562 500    ,1, 0.17    ,3
probIF_N5_T10_1.csv,Alg2,0.01, 6 831 160    , 6 831 670    ,1, 0.10    ,2
probIF_N5_T10_2.csv,Alg2,0.01, 8 914 670    , 9 003 160    ,1, 32.69    ,15
probIF_N5_T10_3.csv,Alg2,0.01, 3 325 780    , 3 327 160    ,1, 0.41    ,4
probIF_N5_T10_4.csv,Alg2,0.01, 2 525 520    , 2 529 050    ,1, 0.21    ,2
probIF_N5_T10_5.csv,Alg2,0.01, 7 599 020    , 7 602 750    ,1, 0.34    ,4
probIF_N5_T15_1.csv,Alg2,0.01, 7 022 130    , 7 035 650    ,1, 0.18    ,2
probIF_N5_T15_2.csv,Alg2,0.01, 8 955 120    , 8 963 820    ,1, 4.56    ,6
probIF_N5_T15_3.csv,Alg2,0.01, 11 605 100    , 11 622 800    ,1, 0.52    ,3
probIF_N5_T15_4.csv,Alg2,0.01, 8 308 650    , 8 329 570    ,1, 66.19    ,13
probIF_N5_T15_5.csv,Alg2,0.01, 9 308 790    , 9 357 170    ,1, 41.31    ,10
probIF_N10_T5_1.csv,Alg2,0.01, 2 935 370    , 3 056 640    ,1, 0.09    ,2
probIF_N10_T5_2.csv,Alg2,0.01, 8 414 600    , 8 431 720    ,1, 0.81    ,4
probIF_N10_T5_3.csv,Alg2,0.01, 4 748 700    , 4 748 700    ,1, 0.04    ,1
probIF_N10_T5_4.csv,Alg2,0.01, 4 400 690    , 4 409 240    ,1, 0.38    ,3
probIF_N10_T5_5.csv,Alg2,0.01, 144 308    , 144 308    ,1, 0.05    ,1
probIF_N10_T10_1.csv,Alg2,0.01, 2 229 100    , 2 258 530    ,1, 36.34    ,13
probIF_N10_T10_2.csv,Alg2,0.01, 11 580 700    , 11 640 300    ,1, 5.28    ,9
probIF_N10_T10_3.csv,Alg2,0.01,-572 945    ,-572 945    ,1, 0.08    ,1
probIF_N10_T10_4.csv,Alg2,0.01, 19 839 200    , 19 984 200    ,1, 94.64    ,9
probIF_N10_T10_5.csv,Alg2,0.01, 16 515 100    , 16 582 600    ,0, 600.00    ,19
probIF_N10_T15_1.csv,Alg2,0.01, 5 358 490    , 5 391 520    ,1, 56.35    ,12
probIF_N10_T15_2.csv,Alg2,0.01, 6 514 790    , 6 709 220    ,1, 110.26    ,11
probIF_N10_T15_3.csv,Alg2,0.01, 16 905 900    , 16 929 600    ,1, 0.33    ,2
probIF_N10_T15_4.csv,Alg2,0.01, 20 689 400    , 20 740 200    ,1, 2.56    ,4
probIF_N10_T15_5.csv,Alg2,0.01, 9 698 170    , 9 858 410    ,0, 600.00    ,15
probIF_N15_T5_1.csv,Alg2,0.01, 8 410 680    , 8 430 940    ,1, 0.08    ,1
probIF_N15_T5_2.csv,Alg2,0.01, 11 935 600    , 11 939 000    ,1, 0.15    ,2
probIF_N15_T5_3.csv,Alg2,0.01, 11 063 500    , 11 105 100    ,1, 8.40    ,8
probIF_N15_T5_4.csv,Alg2,0.01, 12 008 000    , 12 008 000    ,1, 0.21    ,2
probIF_N15_T5_5.csv,Alg2,0.01, 9 981 710    , 10 042 000    ,1, 4.59    ,8
probIF_N15_T10_1.csv,Alg2,0.01, 8 280 380    , 8 418 690    ,0, 600.00    ,18
probIF_N15_T10_2.csv,Alg2,0.01, 38 247 500    , 38 381 000    ,1, 15.31    ,5
probIF_N15_T10_3.csv,Alg2,0.01, 12 853 800    , 12 932 300    ,1, 51.17    ,9
probIF_N15_T10_4.csv,Alg2,0.01, 10 528 700    , 10 746 400    ,1, 72.79    ,10
probIF_N15_T10_5.csv,Alg2,0.01, 12 048 500    , 12 108 100    ,0, 600.00    ,16
probIF_N15_T15_1.csv,Alg2,0.01, 38 293 400    , 38 499 400    ,0, 600.00    ,10
probIF_N15_T15_2.csv,Alg2,0.01, 23 054 000    , 23 168 100    ,1, 67.60    ,8
probIF_N15_T15_3.csv,Alg2,0.01, 41 890 000    , 41 945 800    ,1, 27.98    ,6
probIF_N15_T15_4.csv,Alg2,0.01, 13 238 100    , 13 556 500    ,0, 600.00    ,9
probIF_N15_T15_5.csv,Alg2,0.01, 38 075 000    , 38 218 600    ,1, 2.97    ,2
